베이커리&카페,외식,편의점,주유,영화,액티비티/테마파크,
파리바게뜨,아웃백 ,CU,스피드메이트,롯데시네마,바우라움 댕버랜드,
뚜레쥬르,롯데리아,세븐일레븐,,,하이원 추추파크,
파리크라상,VIPS,,,,부산엑스더스카이,
열린베이커리,워커힐호텔앤리조트,,,,양평 풀향기허브나라,
씨튼베이커리,라그릴리아,,,,엘리바덴 신월성점 찜질스파,
폴바셋,더예약,,,,부천 플레이아쿠아리움,
공차,마티나 라운지,,,,경주뽀로로아쿠아빌리지,
베스킨라빈스,디퀸즈,,,,뽀로로 키즈카페,
엔제리너스,도미노피자,,,,타요키즈카페,
드롭탑,피자헛,,,,제이드 가든,
나뚜루&나뚜루시그니처,파파존스피자,,,,부산 아쿠아리움,
미스터힐링,,,,,설악 워터피아,
아름다운 커피,,,,,파라다이스스파도고,
,,,,,키자니아,
,,,,,제주 카멜리아힐,
,,,,,아침고요수목원&가족동물원,
,,,,,아쿠아플라넷,
,,,,,서울랜드,
,,,,,롯데월드 서울스카이,
,,,,,이월드,
,,,,,롯데월드 아쿠아리움,
,,,,,롯데월드 어드벤처,
,,,,,양평 청춘뮤지엄,
,,,,,"강릉 참소리 박물관, 에디슨",